{
  "Total" : {
    "transaction" : "Total",
    "sampleCount" : 1629,
    "errorCount" : 0,
    "errorPct" : 0.0,
    "meanResTime" : 42582.78391651325,
    "medianResTime" : 42983.0,
    "minResTime" : 3472.0,
    "maxResTime" : 75294.0,
    "pct1ResTime" : 71207.0,
    "pct2ResTime" : 72203.0,
    "pct3ResTime" : 73590.8,
    "throughput" : 13.645387456965514,
    "receivedKBytesPerSec" : 1883.2524238964952,
    "sentKBytesPerSec" : 1.6801020734036405
  },
  "About_Page" : {
    "transaction" : "About_Page",
    "sampleCount" : 489,
    "errorCount" : 0,
    "errorPct" : 0.0,
    "meanResTime" : 50662.98568507157,
    "medianResTime" : 57852.0,
    "minResTime" : 7251.0,
    "maxResTime" : 75294.0,
    "pct1ResTime" : 71830.0,
    "pct2ResTime" : 72327.0,
    "pct3ResTime" : 73554.90000000001,
    "throughput" : 4.219081637935497,
    "receivedKBytesPerSec" : 262.83170028612534,
    "sentKBytesPerSec" : 0.5315054016539835
  },
  "Contact_Page" : {
    "transaction" : "Contact_Page",
    "sampleCount" : 135,
    "errorCount" : 0,
    "errorPct" : 0.0,
    "meanResTime" : 59122.32592592591,
    "medianResTime" : 69776.0,
    "minResTime" : 24731.0,
    "maxResTime" : 74921.0,
    "pct1ResTime" : 72613.2,
    "pct2ResTime" : 72919.0,
    "pct3ResTime" : 74514.19999999998,
    "throughput" : 1.2425332952903387,
    "receivedKBytesPerSec" : 114.89186041461495,
    "sentKBytesPerSec" : 0.15895689617483824
  },
  "Home_Page" : {
    "transaction" : "Home_Page",
    "sampleCount" : 1005,
    "errorCount" : 0,
    "errorPct" : 0.0,
    "meanResTime" : 36429.49353233832,
    "medianResTime" : 35959.0,
    "minResTime" : 3472.0,
    "maxResTime" : 74761.0,
    "pct1ResTime" : 64753.4,
    "pct2ResTime" : 69298.7,
    "pct3ResTime" : 73608.56,
    "throughput" : 8.542431660546717,
    "receivedKBytesPerSec" : 1545.9587255919141,
    "sentKBytesPerSec" : 1.0344350838943288
  }
}